<?xml version="1.0" encoding="UTF-8"?>
<beans:beans xmlns="http://www.springframework.org/schema/mvc"
	xmlns:mvc="http://www.springframework.org/schema/mvc" xmlns:xsi="http://www.w3.org/2001/XMLSchema-instance"
	xmlns:beans="http://www.springframework.org/schema/beans"
	xmlns:context="http://www.springframework.org/schema/context" xmlns:tx="http://www.springframework.org/schema/tx"
	xsi:schemaLocation="http://www.springframework.org/schema/mvc http://www.springframework.org/schema/mvc/spring-mvc.xsd
		http://www.springframework.org/schema/beans http://www.springframework.org/schema/beans/spring-beans.xsd
		http://www.springframework.org/schema/context http://www.springframework.org/schema/context/spring-context.xsd
		http://www.springframework.org/schema/tx http://www.springframework.org/schema/tx/spring-tx-4.0.xsd">


<!-- <beans:beans
	xmlns="http://www.springframework.org/schema/mvc"
	xmlns:xsi="http://www.w3.org/2001/XMLSchema-instance"
	xmlns:beans="http://www.springframework.org/schema/beans"
	xmlns:context="http://www.springframework.org/schema/context"
	xmlns:tx="http://www.springframework.org/schema/tx"
	  xmlns:mvc="http://www.springframework.org/schema/mvc"
	xsi:schemaLocation="http://www.springframework.org/schema/mvc http://www.springframework.org/schema/mvc/spring-mvc.xsd
		http://www.springframework.org/schema/beans http://www.springframework.org/schema/beans/spring-beans.xsd
		http://www.springframework.org/schema/context http://www.springframework.org/schema/context/spring-context.xsd
		http://www.springframework.org/schema/tx http://www.springframework.org/schema/tx/spring-tx-4.0.xsd
		http://www.springframework.org/schema/mvc
       http://www.springframework.org/schema/mvc/spring-mvc.xsd">  -->
	<!-- DispatcherServlet Context: defines this servlet's request-processing infrastructure -->
	
	
	<!-- Enables the Spring MVC @Controller programming model -->
	<annotation-driven />
		
	
	 <beans:bean id="messageSource" class="org.springframework.context.support.ReloadableResourceBundleMessageSource">
        <beans:property name="basename" value="/WEB-INF/message" />
    </beans:bean>
 
    <!-- Locale Change Interceptor to achieve internationalization. -->
    <mvc:interceptors>
        <mvc:interceptor>
            <mvc:mapping path="/init" />
            <beans:bean class="org.springframework.web.servlet.i18n.LocaleChangeInterceptor">
                <beans:property name="paramName" value="lang"></beans:property>
            </beans:bean>
        </mvc:interceptor>
    </mvc:interceptors>
 
    <!-- Cookie Resolver -->
    <beans:bean id="localeResolver"
        class="org.springframework.web.servlet.i18n.CookieLocaleResolver">
    </beans:bean>
	
	<!-- Handles HTTP GET requests for /resources/** by efficiently serving up static resources in the ${webappRoot}/resources directory -->
	<resources mapping="/resources/**" location="/resources/" />

	<!-- Resolves views selected for rendering by @Controllers to .jsp resources in the /WEB-INF/views directory -->
	<beans:bean class="org.springframework.web.servlet.view.InternalResourceViewResolver">
		<beans:property name="prefix" value="/WEB-INF/views/" />
		<beans:property name="suffix" value=".jsp" />
	</beans:bean>
	
	<context:component-scan base-package="com.springmvc.pack" />
	
	
	
</beans:beans>
